[
  {
    "ruleId": 647,
    "origin": "THR",
    "destination": "IFN",
    "airline": "zv",
    "agency": "ELVA_SEIR",
    "supplier": "aseman",
    "basePrice": 15000000,
    "markup": 100,
    "payablePrice": 15000100
  },
  {
    "ruleId": 563,
    "origin": "SYZ",
    "destination": "MHD",
    "airline": "i3",
    "agency": "TIROOZH_PARVAZ",
    "supplier": "ataa",
    "basePrice": 25000000,
    "markup": 200,
    "payablePrice": 25000200
  },
  {
    "ruleId": null,
    "origin": "SYZ",
    "destination": "KIH",
    "airline": "zv",
    "agency": "FARJAM_PARVAZ",
    "supplier": "faranegar",
    "basePrice": 13500000,
    "markup": 0,
    "payablePrice": 13500000
  }
]