458,true,PARASTOO_SEIR,,2022-08-28 10:23:12.000000,,
457,true,TAMASHA_RAZ_GITI,,2022-07-26 16:42:50.000000,,
456,true,ATI_MASHHAD,,2022-07-26 16:42:48.000000,,
455,true,SATRAP_TABRIZ,,2022-07-26 16:42:46.000000,,
454,true,SHAHRAN_GASHT,,2022-06-27 13:33:34.000000,,
453,true,TIAM_GASHT,,2022-05-30 11:41:21.000000,,
452,true,SAHLAN_GASHT,,2022-02-23 17:02:40.000000,,
451,true,SEPEHRHUB,,2022-02-23 17:02:40.000000,,
450,true,MANASEIR_KOOSHA_KISH,,2022-02-23 17:02:40.000000,,
449,true,HAFT_ORANG_MOGHIM,,2022-02-23 17:02:40.000000,,
448,true,ARIOBAL_KISH,,2022-02-23 17:02:40.000000,,
447,true,FARANEGAR_RADINA,,2022-02-23 17:02:40.000000,,
446,true,FARD_PARVAZ,,2022-02-23 17:02:40.000000,,
445,true,ARTIMAN_IDE_KISH,,2022-02-23 17:00:40.000000,,
444,true,HAMGAMAN,,2022-01-09 18:06:42.000000,,
443,true,PARS_HOLIDAYS,,2022-01-09 18:06:08.000000,,
442,true,NEDA_PARVAZ,,2021-12-27 13:42:55.000000,,
441,true,NOOR_HAN,,2021-12-13 09:02:41.444794,,
440,true,ARIYAIAN_JAHAN_GOSTAR,,2021-10-26 10:54:22.000000,,
439,true,PARVAZ_GASHT_ASEMAN_ABI,,2021-09-08 16:43:31.000000,,
438,true,HAVANAVARDAN_KABIR_ASEMAN,,2021-09-06 14:52:00.562087,,
437,true,KHAZAR_PARVAZ_CASPIAN,,2021-09-06 14:52:00.562087,,
436,true,PARHAM_SEIR_SHARGH,,2021-09-06 14:52:00.562087,,
435,true,HOTEL_ERAM_KISH,,2021-09-06 14:52:00.562087,,
434,true,FLY_CHARTER,,2021-04-20 13:12:45.363399,,
433,true,GARDESHGARAN_ZAMAN,,2021-04-20 11:31:51.788775,,
432,true,BAMDAD_AHVAZ,,2021-04-20 11:31:51.788775,,
431,true,SHADI_SEIR_IRANIAN,,2021-04-20 11:31:51.788775,,
430,true,ALVIN,,2021-04-20 11:31:51.788775,,
429,true,JANAN_GASHT,,2021-04-20 11:31:51.788775,,
428,true,SEPEHR_SAYAHAN,,2021-04-20 11:31:51.788775,,
427,true,MEHVAR_TALAEI_KHAVARAN,,2021-04-20 11:31:51.788775,,
426,true,FARDAD_GASHT,,2021-04-20 11:31:51.788775,,
425,true,HOORAD_GASHT,,2021-04-20 11:31:51.788775,,
424,true,AMIN_GASHT,,2021-04-20 11:31:51.788775,,
423,true,AFARINESH_KHATE_SEVOM_PARVAZ,,2021-04-20 11:31:51.788775,,
422,true,ARSHAM_MEHR_IRANIAN,,2021-04-20 11:31:51.788775,,
421,true,SAFARANE_MASHREGH_ZAMIN,,2021-04-20 11:31:51.788775,,
420,true,EHSAN_PEYMA_ARIAEI,,2021-04-20 11:31:51.788775,,
419,true,HEDIE_PARVAZ,,2021-04-20 11:31:51.788775,,
418,true,AMAJ_GASHT,,2021-04-20 11:31:51.788775,,
417,true,SEPID_PARVAZ,,2020-01-13 15:54:32.880249,,
416,true,SABZ_GASHT,,2020-07-23 16:30:39.356958,,
415,true,BORJE_SEFID,,2020-01-13 15:54:32.880249,,
414,true,SAHLAN_GASHT,,2020-10-03 10:14:56.895000,,
413,true,SAINA_GASHT_ZORAGH,,2020-10-03 10:14:41.036000,,
412,true,TASHRIFAT_PARVAZ,,2020-07-23 16:30:46.753106,,
411,true,PADIDEH81,,2020-07-23 16:30:51.356333,,
410,true,PAYA_SYSTEM,,2020-07-23 16:30:51.042680,,
409,true,TAKSETARE_SYSTEM,,2020-07-23 16:30:50.679374,,
408,true,7OWRANG_SYSTEM,,2020-07-23 16:30:50.363042,,
407,true,GEORGIA_HOLIDAY,,2020-07-23 16:30:50.009064,,
406,true,ATIN_GROUP,,2020-07-23 16:30:49.689312,,
405,true,SABZINE_GASHT,,2020-07-23 16:30:49.368788,,
404,true,HAMTA_PARVAZ_ILIA,,2020-07-23 16:30:49.018587,,
403,true,NADIA_PARVAZ,,2020-07-23 16:30:48.674314,,
402,true,SAFAR_SEIR_PARS,,2020-07-23 16:30:48.272831,,
401,true,TAMASHA_IRANIAN_ATLAS,,2020-07-23 16:30:47.949796,,
400,true,SHAHAB_TRAVEL,,2020-07-23 16:30:47.530358,,
399,true,SETARE_MOSAFERAN_IRSA,,2020-07-23 16:30:47.146400,,
398,true,ELIMA,,2020-07-23 16:30:46.753106,,
397,true,FARATAR_AZ_ZAMIN,,2020-07-23 16:30:46.354565,,
396,true,SETARE_GONBAD,,2020-07-23 16:30:46.018179,,
395,true,ASEMAN_IRANIAN,,2020-07-23 16:30:45.615784,,
394,true,FLY_SADAN,,2020-07-23 16:30:45.312600,,
393,true,ROYAYE_PARVAZ_TANDIS,,2020-07-23 16:30:44.919781,,
392,true,ROZ_GASHT,,2020-07-23 16:30:44.495145,,
391,true,BAROKH_PARVAZ,,2020-07-23 16:30:44.072884,,
390,true,ARYAN_GASHT_ARQAVAN,,2020-07-23 16:30:43.648407,,
389,true,DONYAYE_HAFT_EGHLIM,,2020-07-23 16:30:43.318276,,
388,false,TAKSETARE_PASDARAN,,2020-07-23 16:30:42.955317,2020-12-06 20:44:45.000000,
387,true,MALEK_SEIR_PARVAZ,,2020-07-23 16:30:42.454671,,
386,true,JANAN_GASHT,,2020-07-23 16:30:42.124428,,
385,true,DARIUSH_SIAHAT_MASHHAD,,2020-07-23 16:30:41.575576,,
384,true,MOGHIM_24,,2020-07-23 16:30:41.232093,,
383,true,FLY_TICKET,,2020-07-23 16:30:40.899071,,
382,true,PARVAZ_EMAD_GASHT,,2020-07-23 16:30:40.595157,,
381,true,SARZAMIN_KHATEREHA,,2020-07-23 16:30:40.260136,,
380,true,MOGHIM_TEST2_AGENCY,,2020-07-23 16:30:39.978841,,
379,true,NIYAYESH_SEIR_SAFAR,,2020-07-23 16:30:39.682278,,
378,true,SABZ_GASHT_OMID,,2020-07-23 16:30:39.356958,,
377,true,TEHRAN_SHAFAGH_PERSIA,,2020-07-23 16:30:39.032686,,
376,true,RAHBAL_TEST,,2020-07-23 16:30:38.700491,,
375,true,AVISA_GASHT,,2020-07-23 16:30:38.373994,,
374,true,TOOTIA_SEIR_SAADAT,,2020-07-23 16:30:37.980151,,
373,true,NESA_SEIR,,2020-07-23 16:30:37.448049,,
372,true,DORIN_SEIR,,2020-07-23 16:30:37.093313,,
371,true,CHOOBIN_PARVAZ,,2020-07-23 16:30:36.755118,,
370,true,PERGAS_GASHT,,2020-07-23 16:30:36.436257,,
369,true,IRAN_AIRTOUR,,2020-07-23 16:30:36.121313,,
368,true,BISTOON_TRAVEL,,2020-07-23 16:30:35.772830,,
367,true,SARANG_PARVAZ_IRANIAN,,2020-07-23 16:30:35.434282,,
366,true,CHOOBIN_PARVAZ_ARIA,,2020-07-23 16:30:35.163592,,
365,true,BENIS_TRAVEL,,2020-07-23 16:30:34.864549,,
364,true,KOUROSH_TRAVEL,,2020-07-23 16:30:34.574507,,
363,true,AZIN_GASHT,,2020-07-23 16:30:34.259318,,
362,true,VIHAN_TRAVEL,,2020-07-23 16:30:33.919387,,
361,true,ADONIS_BAL,,2020-07-23 16:30:33.591864,,
360,true,BEHMANESH_PARVAZ,,2020-07-23 16:30:33.216609,,
359,true,KEYVAN_PARVAZ,,2020-07-23 16:30:32.881412,,
358,true,AVINA_SEIR,,2020-07-23 16:30:32.571001,,
357,true,SEKHAVAT_GASHT,,2020-07-23 16:30:32.270385,,
356,true,SETARE_SHAB_FARBOD,,2020-07-23 16:30:31.954856,,
355,true,KAVOSHGARAN_TAHA_PARVAZ,,2020-07-23 16:30:31.593771,,
354,true,MARDUKH_TRAVEL,,2020-07-23 16:30:31.158066,,
353,true,GARDESHGARI_NOOR,,2020-07-23 16:30:30.668980,,
352,true,FARAZ_KISH_OFFICE,,2020-07-23 16:30:30.322405,,
351,true,CHOOBIN,,2020-07-23 16:30:29.934692,,
350,true,KHOSROVAN_SEIR,,2020-07-23 16:30:29.622935,,
349,true,MAHAN_SEIR_SAM,,2020-07-23 16:30:29.274043,,
348,true,TABAN_24,,2020-07-23 16:30:28.936729,,
347,true,ARSHIAN_SHIRAZ,,2020-07-23 16:30:28.615505,,
346,true,BALE_SAFAR_AHWAZ,,2020-07-23 16:30:28.223505,,
345,true,AYSAN_PARVAZ_BAKU,,2020-07-23 16:30:27.915287,,
344,true,ARTIN_GASHT,,2020-07-23 16:30:27.578611,,
343,true,MEHRYAR_PARVAZ,,2020-07-23 16:30:27.221770,,
342,true,SAFAE_BE_ROYAHA,,2020-07-23 16:30:26.877222,,
341,true,IRANGARDI_VA_JAHANGARDI,,2020-07-23 16:30:26.528355,,
340,true,GARDESHGARI,,2020-07-23 16:30:26.206102,,
339,true,SHAGHAYEGH_ABI,,2020-07-23 16:30:25.899363,,
338,true,HELIA_MEHR,,2020-07-23 16:30:25.526784,,
337,true,FARAZ_GASHT_ASEMAN,,2020-07-23 16:30:25.237935,,
336,true,SAFINE_PARVAZ_NEGIN,,2020-07-23 16:30:24.855067,,
335,true,SAFIR_IRAQ,,2020-07-23 16:30:24.517340,,
334,true,TABRIZ_TOURISTS_GROUP,,2020-07-23 16:30:24.166915,,
333,true,HAGHA_SEIR_MASHHAD,,2020-07-23 16:30:23.753848,,
332,true,PARVAZ_PARDAZAN,,2020-07-23 16:30:23.254021,,
331,true,ARSAN_SEIR,,2020-07-23 16:30:22.910779,,
330,true,HOUT_CHAKAVAK,,2020-07-23 16:30:22.520066,,
329,true,SUNNY_PARVAZ_PARS,,2020-07-23 16:30:22.026885,,
328,true,ARTIN_GASHT_KISH,,2020-07-23 16:30:21.687043,,
327,true,FARA_GASHT,,2020-07-23 16:30:21.378269,,
326,true,SAYE_SEIR,,2020-07-23 16:30:21.040843,,
325,true,ARYA_RESERVE,,2020-07-23 16:30:20.631317,,
324,true,PADIDEH_PARVAZ,,2020-07-23 16:30:20.331721,,
323,true,MEHRAB_GASHT,,2020-07-23 16:30:20.008833,,
322,true,DARA_PARVAZ,,2020-07-23 16:30:19.680121,,
321,true,SAEE_TEHRAN,,2020-07-23 16:30:19.328850,,
320,true,ATRIN_SEIR,,2020-07-23 16:30:19.031710,,
319,true,SARZAMIN_PARS,,2020-07-23 16:30:18.608305,,
318,true,OMIDAN_PARVAZ,,2020-07-23 16:30:18.313889,,
317,true,RAHAD_KISH,,2020-07-23 16:30:17.965449,,
316,true,FAHIM_GASHT,,2020-07-23 16:30:17.664856,,
315,true,OWJ_PARVAZ,,2020-07-23 16:30:17.296356,,
314,true,BORNA_GASHT,,2020-07-23 16:30:16.939198,,
313,true,KIMIA_TOURIST_KISH,,2020-07-23 16:30:16.653763,,
312,true,ESHKEVARI_TOUR,,2020-07-23 16:30:16.346634,,
311,true,GHABILEH_ASEMAN_ABI,,2020-07-23 16:30:16.010652,,
310,true,MAHAN_TOUR,,2020-07-23 16:30:15.649654,,
309,true,SAVIS_SAFAR,,2020-07-23 16:30:15.306392,,
308,true,ELIN_SEIR,,2020-07-23 16:30:14.990561,,
307,true,HOURSHID_ASEMAN_ABI,,2020-07-23 16:30:14.692883,,
306,true,BAAL_TALAYI,,2020-07-23 16:30:14.301117,,
305,true,MEHRYAR_GASHT,,2020-07-23 16:30:13.948609,,
304,true,KAHAR_GASHT,,2020-07-23 16:30:13.573229,,
303,true,PARS_PARVAZ_MEHR,,2020-07-23 16:30:13.213669,,
302,true,OXIN_GASHT,,2020-07-23 16:30:12.845100,,
301,true,DARKOOB_ASEMAN_ABI,,2020-07-23 16:30:12.511061,,
300,true,FARA_GASHT_KUROSH,,2020-07-23 16:30:12.134749,,
299,true,AFTAB_DERAKHSHAN,,2020-07-23 16:30:11.790674,,
298,true,PAEEZ_PARVAZ_QESHM,,2020-07-23 16:30:11.439516,,
297,true,ARSHIAN_SALAR,,2020-07-23 16:30:11.078310,,
296,true,SEPANTA,,2020-07-23 16:30:10.729257,,
295,true,LOTOUS_PARVAZ,,2020-07-23 16:30:10.292527,,
294,true,ARMIN_PARVAZ,,2020-07-23 16:30:09.921320,,
293,true,MOGHTADER_SEIR_KISH,,2020-07-23 16:30:09.594841,,
292,true,DOLPHIN_SEIR_QESHM,,2020-07-23 16:30:09.271463,,
291,true,PAYTAKHT_GASHT_ARYA,,2020-07-23 16:30:08.941723,,
290,true,RESPINA_MASHHAD,,2020-07-23 16:30:08.584383,,
289,true,PEDMA,,2020-07-23 16:30:08.300742,,
288,true,TASNIM,,2020-07-23 16:30:07.945559,,
287,true,KAROON_SEIR,,2020-07-23 16:30:07.584438,,
286,true,FARANAMA_IRANIAN,,2020-07-23 16:30:07.200030,,
285,true,ELENA_SEIR_PARS,,2020-07-23 16:30:06.862355,,
284,true,HAFT_VADI,,2020-07-23 16:30:06.513582,,
283,true,BARAD_PARVAZ,,2020-07-23 16:30:06.193868,,
282,true,SAFIR_SADEGHIYE_TOOS,,2020-07-23 16:30:05.790871,,
281,true,ARYAN_RASHA,,2020-07-23 16:30:05.448391,,
280,true,CHAPAR_SEIR,,2020-07-23 16:30:05.164002,,
279,true,KISH_PARVAZ,,2020-07-23 16:30:04.680253,,
278,true,ANA_SEIR_PARS,,2020-07-23 16:30:04.370395,,
277,true,FARJAM_PARVAZ,,2020-07-23 16:30:04.029722,,
276,true,SHOKOOH_PAEEZ,,2020-07-23 16:30:03.699439,,
275,true,KARVANIK,,2020-07-23 16:30:03.348094,,
274,true,AYSAN_PARVAZ_PARS,,2020-07-23 16:30:03.011505,,
273,true,ERIKE_IRANIAN,,2020-07-23 16:30:02.649296,,
272,true,DIYAKO_PARVAZ,,2020-07-23 16:30:02.264354,,
271,true,TIROOZH_PARVAZ,,2020-07-23 16:30:01.946199,,
270,true,FAZA_GASHT,,2020-07-23 16:30:01.287968,,
269,true,ARMANSHID,,2020-07-23 16:30:00.968723,,
268,true,MALEK_SEIR,,2020-07-23 16:30:00.492231,,
267,true,DEHPOOYE,,2020-07-23 16:30:00.143515,,
266,true,ELAHE_ALMAS,,2020-07-23 16:29:59.805241,,
265,true,FAKHTE_GASHT,,2020-07-23 16:29:59.408156,,
264,true,RATA_PARVAZ_IRANIAN,,2020-07-23 16:29:59.093309,,
263,true,MEHRAD_GASHT,,2020-07-23 16:29:58.783539,,
262,true,HOORTASH_PARVAZ,,2020-07-23 16:29:58.389425,,
261,true,ROSHANI_GASHT,,2020-07-23 16:29:58.052788,,
260,true,BARBOD_PARVAZ,,2020-07-23 16:29:57.698120,,
259,true,ELVA_SEIR,,2020-07-23 16:29:57.328319,,
258,true,SEIRAN_GASHT,,2020-07-23 16:29:56.980049,,
257,true,ARYAN_PARVAZ,,2020-07-23 16:29:56.622752,,
256,true,PARSAMAD,,2020-07-23 16:29:56.284195,,
255,true,FERESHTE_SEIR,,2020-07-23 16:29:55.842837,,
254,true,SHADI_AVARAN_SAFAR,,2020-07-23 16:29:55.462538,,
253,true,NOORA_SEIR,,2020-07-23 16:29:55.115219,,
252,true,AMIRAN_PARVAZ_SAM,,2020-07-23 16:29:54.784135,,
251,true,PARASTOO_PARVAZ_ASEMAN,,2020-07-23 16:29:54.489794,,
250,true,MOGHIM_TEST_AGENCY,,2020-07-23 16:29:54.156146,,
249,true,KHAYYAM_GASHT,,2020-01-13 15:54:32.880249,,
248,true,AYAN_PARVAZ,,2020-01-13 15:54:32.880249,,
247,true,HAFT_ASEMAN,,2020-01-13 15:54:32.880249,,
246,true,TAMIM_GASHT,,2020-01-13 15:54:32.880249,,
245,true,IRSA_90_SEIR_PARVAZ,,2020-01-13 15:54:32.880249,,
244,true,ATRIA_PARVAZ,,2020-01-13 15:54:32.880249,,
243,true,ASEMAN_HAFTOM,,2020-01-13 15:54:32.880249,,
242,true,ASEMAN_FATH,,2020-01-13 15:54:32.880249,,
241,true,IDEAL_SAFAR_PARSIAN,,2020-01-13 15:54:32.880249,,
240,true,ALMAS_GASHT,,2020-01-13 15:54:32.880249,,
239,true,SEPIDEH_PARVAZ_SHIRAZ,,2020-01-13 15:54:32.880249,,
238,true,HEJRAT_ASEMAN,,2020-01-13 15:54:32.880249,,
237,true,YADEMAN,,2020-01-13 15:54:32.880249,,
236,true,ARSH_ASEMAN_VISTA,,2020-01-13 15:54:32.880249,,
235,true,YASNA,,2020-01-13 15:54:32.880249,,
234,true,SEPEHR_SEIR_TOOS,,2020-01-13 15:54:32.880249,,
233,true,SHAHED,,2020-01-13 15:54:32.880249,,
232,true,NADIA_GASHT,,2020-01-13 15:54:32.880249,,
231,true,PERSIA_SEIR_KANGAN,,2020-01-13 15:54:32.880249,,
230,true,CHAKAVAK,,2020-01-13 15:54:32.880249,,
229,true,AKRAMI_HOTELS_GROUP,,2020-01-13 15:54:32.880249,,
228,true,GASHTA_GASHT,,2020-01-13 15:54:32.880249,,
227,true,BAD_SABA,,2020-01-13 15:54:32.880249,,
226,true,SHAHIN_GASHT_KISH,,2020-01-13 15:54:32.880249,,
225,true,ABTIN_GASHT_PARS,,2020-01-13 15:54:32.880249,,
224,true,HOOR_GASHT,,2020-01-13 15:54:32.880249,,
223,true,KITOO,,2020-01-13 15:54:32.880249,,
222,true,ARAZ_GASHT,,2020-01-13 15:54:32.880249,,
221,true,IMAN_AMIN,,2020-01-13 15:54:32.880249,,
220,true,OMID_PARVAZ_MEHR,,2020-01-13 15:54:32.880249,,
219,true,PARDIS_PARVAZ,,2020-01-13 15:54:32.880249,,
218,true,SEPIDEH_PARVAZ_MASHHAD,,2020-01-13 15:54:32.880249,,
217,true,PAGAS_GASHT,,2020-01-13 15:54:32.880249,,
216,true,PERSIAN_CHARTER,,2020-01-13 15:54:32.880249,,
215,true,FARAZ_KISH,,2020-01-13 15:54:32.880249,,
214,true,MEHR_O_MAH,,2020-01-13 15:54:32.880249,,
213,true,RAHYAB,,2020-01-13 15:54:32.880249,,
212,true,GHASR_DARIUSH,,2020-01-13 15:54:32.880249,,
211,true,ELIMA_GASHT,,2020-01-13 15:54:32.880249,,
210,true,YADEMAN_PERSIA_GASHT,,2020-01-13 15:54:32.880249,,
209,true,MOGHTADER_GASHT,,2020-01-13 15:54:32.880249,,
208,true,ESPAD_GASHT,,2020-01-13 15:54:32.880249,,
207,true,GOLGASHT_JONOOB_SHARGH,,2020-01-13 15:54:32.880249,,
206,true,GOLFAM_SAFAR,,2020-01-13 15:54:32.880249,,
205,true,SHERVIN_GASHT,,2020-01-13 15:54:32.880249,,
204,true,MARCO_TRAVEL,,2020-01-13 15:54:32.880249,,
203,true,PARS_PARVAZ_JONOOB,,2020-01-13 15:54:32.880249,,
202,true,HAMNAVAZ_ASEMAN_ABI106,,2020-01-13 15:54:32.880249,,
201,true,MOHAJER_PARS_BOUSHEHR,,2020-01-13 15:54:32.880249,,
200,true,HAMNAVAZ_ASEMANABI,,2020-01-13 15:54:32.880249,,
199,true,SAFARYAR_GOHAR_TOOS,,2020-01-13 15:54:32.880249,,
198,true,MOGHTADER_SEIR_IRANIAN,,2020-01-13 15:54:32.880249,,
197,true,DAYANA_GASHT,,2020-01-13 15:54:32.880249,,
196,true,ATRAK_AIRLINE,,2020-01-13 15:54:32.880249,,
195,true,HALI_TOUR,,2020-01-13 15:54:32.880249,,
194,true,DONYA_GOSTAR_SHIRAZ,,2020-01-13 15:54:32.880249,,
193,true,HAMSAFAR_GASHT,,2020-01-13 15:54:32.880249,,
192,true,TAHA_PARVAZ,,2020-01-13 15:54:32.880249,,
191,true,SAINA_SEIR110,,2020-01-13 15:54:32.880249,,
190,true,DARIUSH_PARVAZ_GHARN,,2020-01-13 15:54:32.880249,,
189,true,DAYAN_SAFAR_KISH,,2020-01-13 15:54:32.880249,,
188,true,ASA_PARVAZ,,2020-01-13 15:54:32.880249,,
187,true,YAZD_TOURS_GROUP,,2020-01-13 15:54:32.880249,,
186,true,KHAYYAM_GASHT_IRANIAN,,2020-01-13 15:54:32.880249,,
185,true,TICKETING,,2020-01-13 15:54:32.880249,,
184,true,MAHBAL_SEIR,,2020-01-13 15:54:32.880249,,
183,true,PARVAZ_CHARTER,,2020-01-13 15:54:32.880249,,
182,true,MAHAN_MEHR_IRANIAN,,2020-01-13 15:54:32.880249,,
181,true,HAGHASEIR_REZVAN,,2020-01-13 15:54:32.880249,,
180,true,SAFAR_ASOON_KISH,,2020-01-13 15:54:32.880249,,
179,true,MANIA_GASHT,,2020-01-13 15:54:32.880249,,
178,true,MITRA_GASHT,,2020-01-13 15:54:32.880249,,
177,true,2,,2020-01-13 15:54:32.880249,,
176,true,MOUD_MEHR,,2020-01-13 15:54:32.880249,,
175,true,AFSHID_GASHT,,2020-01-13 15:54:32.880249,,
174,true,TAJALI_NOUR,,2020-01-13 15:54:32.880249,,
173,true,AMITIS_BAL_PARS,,2020-01-13 15:54:32.880249,,
172,true,NASIM_BEHESHT_AMIN,,2020-01-13 15:54:32.880249,,
171,true,MOSALAS_PARVAZ,,2020-01-13 15:54:32.880249,,
170,true,MIRDAMAD,,2020-01-13 15:54:32.880249,,
169,true,ARAM_SEIR,,2020-01-13 15:54:32.880249,,
168,true,TAKHT_KOOROSH_IRANIAN,,2020-01-13 15:54:32.880249,,
167,true,AVA_SEIR,,2020-01-13 15:54:32.880249,,
166,true,KEIHAN_GASHT,,2020-01-13 15:54:32.880249,,
165,true,KARAJ_GASHT,,2020-01-13 15:54:32.880249,,
164,true,ELHAM_SEIR,,2020-01-13 15:54:32.880249,,
163,true,NASIM_SAHAR_AFARIN,,2020-01-13 15:54:32.880249,,
162,true,HAMAN_SEIR_YAZD,,2020-01-13 15:54:32.880249,,
161,true,PAYAM_TOSEE_SABA,,2020-01-13 15:54:32.880249,,
160,true,AALI_GASHT,,2020-01-13 15:54:32.880249,,
159,true,BESAT,,2020-01-13 15:54:32.880249,,
158,true,ADINE_GASHT_ALIGHAPOU,,2020-01-13 15:54:32.880249,,
157,true,546,,2020-01-13 15:54:32.880249,,
156,true,SAMYAR_TOOS,,2020-01-13 15:54:32.880249,,
155,true,PAYA_SEIR,,2020-01-13 15:54:32.880249,,
154,true,MARKAZ_TOUR,,2020-01-13 15:54:32.880249,,
153,true,MAHSHID_GASHT,,2020-01-13 15:54:32.880249,,
152,true,OMID_PARVAZ_OJ,,2020-01-13 15:54:32.880249,,
151,true,SAINA_SEIR24,,2020-01-13 15:54:32.880249,,
150,true,ERAM_KISH,,2020-01-13 15:54:32.880249,,
149,true,KATIBE_GASHT,,2020-01-13 15:54:32.880249,,
148,true,HELMA_GASHT_YAZD,,2020-01-13 15:54:32.880249,,
147,true,MIRAS_PERSIA,,2020-01-13 15:54:32.880249,,
146,true,ALAEDIN,,2020-01-13 15:54:32.880249,,
145,true,CAPITAN,,2020-01-13 15:54:32.880249,,
144,true,ASEMAN_PORSETARE,,2020-01-13 15:54:32.880249,,
143,true,ASIA_SEIR,,2020-01-13 15:54:32.880249,,
142,true,GHASR_DARIUSH_KABIR,,2020-01-13 15:54:32.880249,,
141,true,FARGASHT,,2020-01-13 15:54:32.880249,,
140,true,SETARE_BORJS_EFID,,2020-01-13 15:54:32.880249,,
139,true,NASIM_BEHESHT_KISH,,2020-01-13 15:54:32.880249,,
138,true,BALAN_MEHR_GASHT,,2020-01-13 15:54:32.880249,,
137,true,AFAGH_SEIR,,2020-01-13 15:54:32.880249,,
136,true,BESAT_KISH,,2020-01-13 15:54:32.880249,,
135,true,ADAM_VA_HAVA,,2020-01-13 15:54:32.880249,,
134,true,ARSHAN_PARVAZ,,2020-01-13 15:54:32.880249,,
133,true,TOP_TOURS,,2020-01-13 15:54:32.880249,,
132,true,ARIO_PARVAZ,,2020-01-13 15:54:32.880249,,
131,true,906,,2020-01-13 15:54:32.880249,,
130,true,BITA_TOUR_GROUP,,2020-01-13 15:54:32.880249,,
129,true,ASEMAN_SEPID,,2020-01-13 15:54:32.880249,,
128,true,TARHAN_PARVAZ,,2020-01-13 15:54:32.880249,,
127,true,CHATR_PARVAZ,,2020-01-13 15:54:32.880249,,
126,true,DONYA_GASHT,,2020-01-13 15:54:32.880249,,
125,true,MEHRAB_SEIRKISH,,2020-01-13 15:54:32.880249,,
124,true,KIMIA_PARVAZ,,2020-01-13 15:54:32.880249,,
123,true,HADIGHE_PARVAZ_MAHAN,,2020-01-13 15:54:32.880249,,
122,true,HAMRAH_SETAREGAN,,2020-01-13 15:54:32.880249,,
121,true,MOHTASHAM_SAFAR_KASHAN,,2020-01-13 15:54:32.880249,,
120,true,NASIM_BEHESHT,,2020-01-13 15:54:32.880249,,
119,true,KISH_IRAN,,2020-01-13 15:54:32.880249,,
118,true,DARIUSH_SIAHAT,,2020-01-13 15:54:32.880249,,
117,true,BEHESHT_REYHANE_IRANIAN,,2020-01-13 15:54:32.880249,,
116,true,ARSH_ASEMAN_VAHID,,2020-01-13 15:54:32.880249,,
115,true,TEST_RAVIS,,2020-01-13 15:54:32.880249,,
114,true,SEIR_FARS,,2020-01-13 15:54:32.880249,,
113,true,ARNA_SEIR_PERSIAN,,2020-01-13 15:54:32.880249,,
112,true,NIKA_PARVAZ_PARS,,2020-01-13 15:54:32.880249,,
111,true,SANAM_PARVAZ,,2020-01-13 15:54:32.880249,,
110,true,DORSA_GASHT_ALIGHAPOO,,2020-01-13 15:54:32.880249,,
109,true,ARYA_NAHAD,,2020-01-13 15:54:32.880249,,
108,true,ADINE_SAFAR_KISH,,2020-01-13 15:54:32.880249,,
107,true,SALAR_KISH,,2020-01-13 15:54:32.880249,,
106,true,ATLAS_YAZD,,2020-01-13 15:54:32.880249,,
105,true,SAFARHAYE_ALIBABA,,2020-01-13 15:54:32.880249,,
104,true,BESAT_SEIR_KHORASAN,,2020-01-13 15:54:32.880249,,
103,true,ILIA_GASHT,,2020-01-13 15:54:32.880249,,
102,true,MAHROKH_GASHT_MAHAN,,2020-01-13 15:54:32.880249,,
101,true,RADAN_SEIR,,2020-01-13 15:54:32.880249,,
100,true,SADRA_GASHT_GITI,,2020-01-13 15:54:32.880249,,
99,true,MEHRABAD_GASHT,,2020-01-13 15:54:32.880249,,
98,true,KOSAR_GASHT,,2020-01-13 15:54:32.880249,,
97,true,EMAM_REZA,,2020-01-13 15:54:32.880249,,
96,true,GOROOH_SAMIN,,2020-01-13 15:54:32.880249,,
95,true,PAYDOOS,,2020-01-13 15:54:32.880249,,
94,true,JAHAN_GASHT_IRANIAN,,2020-01-13 15:54:32.880249,,
93,true,ROOBIN24,,2020-01-13 15:54:32.880249,,
92,true,PARHAM_GASHT,,2020-01-13 15:54:32.880249,,
91,true,ABTIN_GASHT_ARIA,,2020-01-13 15:54:32.880249,,
90,true,SABA_GASHT_MAHAN,,2020-01-13 15:54:32.880249,,
89,true,SHAHIN_GASHT_TEHRAN,,2020-01-13 15:54:32.880249,,
88,true,754,,2020-01-13 15:54:32.880249,,
87,true,IRANIAN_BASTAN_SAFAR,,2020-01-13 15:54:32.880249,,
86,true,SOORENA_SEIR,,2020-01-13 15:54:32.880249,,
85,true,SARA_SEIR,,2020-01-13 15:54:32.880249,,
84,true,HOMAY_SARZAMIN_PISHGAMAN,,2020-01-13 15:54:32.880249,,
83,true,TAGHDIS_PARVAZ,,2020-01-13 15:54:32.880249,,
82,true,RAZ_PARVAZ_JAHAN,,2020-01-13 15:54:32.880249,,
81,true,AFTAB_DERAKHSHAN_DEY,,2020-01-13 15:54:32.880249,,
80,true,RAD_TRAVEL,,2020-01-13 15:54:32.880249,,
79,true,LACHIN_SEIR,,2020-01-13 15:54:32.880249,,
78,true,PARSA_GASHT,,2020-01-13 15:54:32.880249,,
77,true,BAL_SEIR,,2020-01-13 15:54:32.880249,,
76,true,RAHBAL_ASEMAN,,2020-01-13 15:54:32.880249,,
75,true,ARYABAN_KISH,,2020-01-13 15:54:32.880249,,
74,true,MERSA,,2020-01-13 15:54:32.880249,,
73,true,ARSHIAN_PARVAZ,,2020-01-13 15:54:32.880249,,
72,true,JAHAN_PARVAZ,,2020-01-13 15:54:32.880249,,
71,true,SHENASA_GASHT,,2020-01-13 15:54:32.880249,,
70,true,MARCO_CHARTER,,2020-01-13 15:54:32.880249,,
69,true,PALIZ_SEIR,,2020-01-13 15:54:32.880249,,
68,true,BESAT_SEIR_IRANIAN,,2020-01-13 15:54:32.880249,,
67,true,DATIS_5_GHARRE_TOOS,,2020-01-13 15:54:32.880249,,
66,true,KIA_PARVAZ,,2020-01-13 15:54:32.880249,,
65,true,PERSIAN_PARVAZ_KAVIR,,2020-01-13 15:54:32.880249,,
64,true,TAHA_PARVAZ_ASEMAN,,2020-01-13 15:54:32.880249,,
63,true,GARDESHGARAN_SHIRAZ,,2020-01-13 15:54:32.880249,,
62,true,GARDESHGARAN136,,2020-01-13 15:54:32.880249,,
61,true,GHAZAL_PARVAZ,,2020-01-13 15:54:32.880249,,
60,true,ROZ_PARVAZ,,2020-01-13 15:54:32.880249,,
59,true,CARYAR,,2020-01-13 15:54:32.880249,,
58,true,SKY24,,2020-01-13 15:54:32.880249,,
57,true,IRANIAN_PARVAZ_AREZOOHA,,2020-01-13 15:54:32.880249,,
56,true,GASHT_NAVID,,2020-01-13 15:54:32.880249,,
55,true,AZARBAL_IRANIAN,,2020-01-13 15:54:32.880249,,
54,true,SEPEHR_SEIR_IRIK,,2020-01-13 15:54:32.880249,,
53,true,DONYA_GOSTAR,,2020-01-13 15:54:32.880249,,
52,true,SAERSEIR,,2020-01-13 15:54:32.880249,,
51,true,RADIN_GASHT,,2020-01-13 15:54:32.880249,,
50,true,236,,2020-01-13 15:54:32.880249,,
49,true,KHORSHID_SEIR_TOOS,,2020-01-13 15:54:32.880249,,
48,true,AVAYE_GARDESHGARAN_YAAS,,2020-01-13 15:54:32.880249,,
47,true,ARYA_SILK_BASTAN,,2020-01-13 15:54:32.880249,,
46,true,HAMAN_SEIR,,2020-01-13 15:54:32.880249,,
45,true,DAYAN_SEIR_ESPADAN,,2020-01-13 15:54:32.880249,,
44,true,BALAN_GASHT,,2020-01-13 15:54:32.880249,,
43,true,BEHGASHT_ARYA,,2020-01-13 15:54:32.880249,,
42,true,ARIA_PARVAZ_MASHHAD,,2020-01-13 15:54:32.880249,,
41,true,HAGHA_SEIR_REZVAN,,2020-01-13 15:54:32.880249,,
40,true,SAMEN_TOUR,,2020-01-13 15:54:32.880249,,
39,true,RAH_TAMADON_PARSIAN,,2020-01-13 15:54:32.880249,,
38,true,MANA_PARVAZ,,2020-01-13 15:54:32.880249,,
37,true,CHARTER_724,,2020-01-13 15:54:32.880249,,
36,true,ASEMAN_PARVAZ_IRANIAN,,2020-01-13 15:54:32.880249,,
35,true,ASEMAN_PORKHATERE,,2020-01-13 15:54:32.880249,,
34,true,BALON_SEFID,,2020-01-13 15:54:32.880249,,
33,true,PISHTAZ_ARYA,,2020-01-13 15:54:32.880249,,
32,true,VANIA_PARVAZ,,2020-01-13 15:54:32.880249,,
31,true,8BOOK,,2020-01-13 15:54:32.880249,,
30,true,PARSIAN_SIAHAT_ESPADANA,,2020-01-13 15:54:32.880249,,
29,true,JOME_GASHT,,2020-01-13 15:54:32.880249,,
28,true,JONOOB_SHARGH_KERMAN,,2020-01-13 15:54:32.880249,,
27,true,HAGHA_SEIR,,2020-01-13 15:54:32.880249,,
26,true,SEPEHR_NAMAY_SEPAHAN,,2020-01-13 15:54:32.880249,,
25,true,VANIA_PARVAZ_PARS,,2020-01-13 15:54:32.880249,,
24,true,ERAM_PARS_KISH,,2020-01-13 15:54:32.880249,,
23,true,ESFAHAN_GASHT,,2020-01-13 15:54:32.880249,,
22,true,ELIA_GASHT,,2020-01-13 15:54:32.880249,,
21,true,RAHAD_ASEMAN,,2020-01-13 15:54:32.880249,,
20,true,FOROOZAN_GASHT_AHVAZ,,2020-01-13 15:54:32.880249,,
19,true,TAK_SETARE_NILOOFAR,,2020-01-13 15:54:32.880249,,
18,true,PARASTOOYE_KAVIR,,2020-01-13 15:54:32.880249,,
17,true,GARDESHGARAN,,2020-01-13 15:54:32.880249,,
16,true,SEIR_ASEMAN_FARAZ,,2020-01-13 15:54:32.880249,,
15,true,SAFIR_NOOR,,2020-01-13 15:54:32.880249,,
14,true,KHATIB_SEIR,,2020-01-13 15:54:32.880249,,
13,true,GOLZAR_GASHT_PARSEH,,2020-01-13 15:54:32.880249,,
12,true,TAKSETARE,,2020-01-13 15:54:32.880249,,
11,true,RAHE_ESFAHAN,,2020-01-13 15:54:32.880249,,
10,true,MOIEN_DARBARI,,2020-01-13 15:54:32.880249,,
9,true,PISHGAMAN_RAH_GITI,,2020-01-13 15:54:32.880249,,
8,true,NASIM_BEHESHT_KHORASAN,,2020-01-13 15:54:32.880249,,
7,true,MATIN_GASHT,,2020-01-13 15:54:32.880249,,
6,true,DELTABAN,,2020-01-13 15:54:32.880249,,
5,true,HAFT_ASEMAN_NILI_KISH,,2020-01-13 15:54:32.880249,,
4,true,SEPID_PARVAZ_TOOS,,2020-01-13 15:54:32.880249,,
3,true,MOSALAT_SEIR,,2020-01-13 15:54:32.880249,,
2,true,MEHR_O_MAH_TRAVEL,,2020-01-13 15:54:32.880249,,
1,true,SOORENA_SEIRKISH,,2020-01-13 15:54:32.880249,,
0,true,UNKNOWN,,2021-04-10 07:58:59.807944,,
